date,a'pieu,age-r,anua,bbia,be the skin,beauty of joseon,belif,biodance,booster pro,botulax,cell fusion c,centellian,cosrx,dalba,goodal,innisfree,innotox,iope,jeuveau,jolse,juvelook,laneige,letybo,madeca,mamonde,manyo,medicube,mighty patch,missha,mixoon,nabota,numbuzin,ohui,oligio,olive young,peripera,potenza,real barrier,reedle shot,rejuran,rentox,rom&nd,round lab,shurink,skin1004,stylekorean,stylevana,sulwhasoo,sylfirm,the whoo,tirtir,tonymoly,torriden,ultraformer,wellage,yesstyle
2025-08-31,0,4,6,0,0,11,4,2,4,0,0,2,8,0,0,11,0,0,0,0,2,6,0,3,0,4,8,0,8,0,0,4,3,0,9,8,1,2,3,2,1,3,10,0,8,0,1,1,0,0,5,0,5,0,0,6
2025-09-01,0,0,4,0,0,7,3,2,0,0,1,0,7,0,1,7,1,0,0,0,0,5,0,1,0,3,8,0,0,0,0,3,0,0,6,7,3,6,4,1,0,4,6,0,9,1,1,1,0,0,4,1,3,0,0,5
2025-09-02,6,3,4,3,0,4,0,1,0,0,0,0,3,0,0,3,2,0,0,0,0,8,0,0,1,1,3,0,1,0,0,1,0,0,12,3,2,2,1,1,0,3,3,0,4,0,2,1,0,0,6,0,0,0,0,12
2025-09-03,0,0,3,0,1,13,1,3,1,0,0,0,4,0,0,5,2,0,0,1,0,7,0,0,0,2,8,0,5,0,1,4,0,1,14,3,2,4,0,0,0,2,13,1,12,1,1,1,1,0,4,0,5,0,0,11
2025-09-04,4,2,6,2,1,7,1,4,0,0,0,0,5,0,0,3,1,0,0,0,0,8,0,1,0,3,4,0,1,0,0,5,0,0,16,2,0,2,2,0,0,8,7,0,10,17,6,3,0,0,5,0,3,0,0,8
2025-09-05,4,2,5,2,1,4,3,2,0,0,0,0,7,0,2,4,1,0,0,0,1,10,0,1,0,2,4,0,4,0,0,3,0,0,3,2,0,2,0,3,0,2,7,0,8,0,4,4,0,0,8,0,4,0,0,9
2025-09-06,4,2,5,2,1,7,1,1,0,0,0,0,5,0,0,7,2,0,0,0,0,6,0,0,0,1,6,0,3,0,0,1,0,0,6,4,1,4,0,0,1,1,5,0,9,0,0,1,0,0,5,2,1,0,0,8
2025-09-07,4,0,6,0,0,6,0,1,0,0,0,0,6,1,0,2,0,0,0,0,0,8,0,0,0,3,6,0,3,0,1,4,0,2,10,3,0,1,0,2,0,4,7,0,7,0,2,4,0,0,8,0,2,0,0,5
2025-09-08,0,0,8,0,1,5,2,0,0,0,0,0,10,0,0,4,4,0,1,0,1,7,1,0,0,0,7,0,3,0,1,3,0,0,4,2,2,1,1,0,0,1,3,0,4,0,2,2,0,0,3,0,1,0,0,7
2025-09-09,6,3,6,4,1,10,3,1,0,0,0,0,9,0,0,6,2,0,1,0,1,3,0,0,1,0,10,0,7,0,0,3,0,0,7,3,2,3,0,1,0,2,7,0,11,0,3,0,0,0,7,1,1,0,0,8
2025-09-10,0,0,2,0,0,4,1,1,1,0,1,0,6,0,1,2,7,0,1,0,1,6,0,0,0,3,9,0,3,0,0,3,0,0,1,4,1,0,0,3,0,2,2,0,6,0,2,1,0,0,1,0,0,0,0,7
2025-09-11,4,2,5,2,0,7,1,2,0,0,0,0,5,0,1,7,1,0,1,0,1,5,0,1,0,0,6,1,4,0,0,4,0,0,13,0,4,1,2,5,1,2,3,0,8,0,2,1,0,0,5,1,1,0,0,5
2025-09-12,0,0,5,0,0,8,0,1,0,0,0,0,7,0,0,2,3,0,2,0,1,2,0,0,0,2,6,1,1,0,0,3,0,0,3,5,8,0,1,5,0,3,8,0,5,2,1,1,0,1,0,3,1,0,0,6
2025-09-13,8,4,5,4,1,9,3,3,3,1,0,0,6,0,0,3,3,0,0,0,0,2,0,0,0,1,11,2,1,0,0,3,0,0,13,2,2,0,0,1,0,5,13,0,2,19,1,0,0,0,7,1,3,0,0,10
2025-09-14,2,0,7,1,0,3,1,0,1,0,0,0,5,0,1,1,1,0,0,0,2,7,0,0,0,2,7,0,4,0,0,2,0,0,5,4,1,4,0,1,0,3,3,0,6,2,1,1,0,1,5,2,3,0,0,6
2025-09-15,0,1,2,0,0,7,0,1,2,0,0,0,2,0,4,11,2,1,1,0,0,1,0,0,0,0,4,1,5,0,0,7,0,0,6,4,2,0,0,4,0,6,11,0,7,0,0,0,0,0,4,0,2,0,0,3
2025-09-16,8,2,5,2,2,5,0,0,2,0,0,0,7,0,2,2,1,0,1,0,0,5,0,0,0,1,8,2,5,1,0,2,0,0,4,0,2,1,5,3,0,3,9,1,9,0,3,1,2,0,7,1,4,1,1,10
2025-09-17,0,0,4,0,1,6,3,5,0,0,0,0,5,0,0,4,2,0,2,0,2,1,0,0,0,1,9,2,0,0,0,0,0,0,4,1,1,0,1,2,0,3,6,0,6,1,0,2,0,0,1,0,1,0,0,4
2025-09-18,6,3,7,2,0,2,1,0,0,0,0,0,5,0,0,3,3,0,1,0,1,3,0,0,0,4,5,0,3,0,0,2,0,0,4,6,1,3,4,7,0,6,2,0,8,0,0,2,0,0,5,1,2,0,0,4
2025-09-19,2,1,4,0,0,6,0,0,1,0,0,1,3,0,1,5,0,0,1,0,0,9,0,0,0,0,6,0,2,0,0,2,0,0,6,3,2,3,1,1,0,4,4,0,8,0,0,1,0,0,4,0,1,0,1,8
2025-09-20,4,2,4,2,0,4,1,1,0,1,0,1,9,0,0,4,1,0,0,1,1,8,0,1,0,1,5,0,3,0,1,2,0,0,10,3,1,1,3,1,0,2,5,0,12,0,1,0,0,0,5,1,2,0,0,6
2025-09-21,6,3,3,3,0,11,0,0,1,0,0,0,2,0,0,4,1,0,1,0,4,4,0,0,0,5,9,2,1,0,0,5,0,0,10,3,1,1,3,4,0,2,2,0,10,1,1,0,0,0,4,1,3,0,0,12
2025-09-22,0,0,4,0,0,4,0,0,0,0,0,0,6,0,1,4,1,0,0,0,1,5,0,0,0,1,1,1,1,0,0,6,0,0,4,1,2,2,1,3,0,5,8,0,9,0,0,1,0,0,4,0,5,0,1,6
2025-09-23,8,4,5,5,0,7,0,0,0,0,0,0,9,0,1,2,3,0,0,0,0,5,0,0,0,1,11,0,1,0,0,2,0,0,13,0,1,1,0,0,0,3,8,0,5,6,7,0,1,0,8,0,1,0,0,14
2025-09-24,4,2,7,2,0,3,1,1,1,0,0,0,10,2,1,9,2,0,0,0,3,6,0,0,0,1,7,0,5,0,2,4,0,0,14,2,1,6,1,5,0,4,4,1,5,11,4,0,0,0,7,1,2,0,0,9
2025-09-25,6,7,5,3,0,6,1,0,1,0,0,0,5,0,0,13,2,0,1,0,0,8,0,0,0,4,14,0,1,0,0,5,0,0,9,1,3,0,0,0,0,1,9,0,4,1,3,2,0,0,9,3,2,0,0,9
2025-09-26,4,2,2,2,0,3,0,3,1,0,0,0,4,1,1,6,2,0,0,0,1,5,0,0,0,7,7,1,0,0,0,5,0,0,9,2,2,2,1,5,0,0,2,0,6,4,1,5,0,0,4,1,0,0,0,11
2025-09-27,6,3,6,3,0,4,1,1,1,1,0,0,2,0,0,8,2,0,0,0,0,7,0,0,0,2,6,0,3,0,0,1,0,0,7,5,1,2,0,4,0,3,7,0,7,1,3,3,0,0,7,2,4,0,0,14
2025-09-28,4,2,5,2,1,13,0,1,0,1,0,0,4,0,0,3,2,0,0,0,0,3,0,0,0,3,5,1,0,0,0,7,0,0,4,3,0,2,2,0,0,8,5,0,4,1,1,2,0,0,10,2,2,0,0,7
2025-09-29,0,0,8,3,1,4,1,1,0,2,0,0,4,0,0,6,3,0,0,0,0,3,0,0,0,1,8,0,4,0,0,1,0,0,3,5,0,1,0,2,0,3,8,1,6,4,1,1,0,0,5,0,0,0,0,8
2025-09-30,4,4,5,2,2,7,0,3,2,2,0,0,3,1,0,7,1,0,0,1,0,3,0,0,0,0,8,0,5,0,0,5,0,0,8,4,4,1,1,3,0,4,9,0,11,0,1,0,0,0,7,2,5,0,0,2
2025-10-01,0,0,0,0,0,0,0,0,0,0,0,0,1,0,0,1,0,0,0,0,0,0,0,0,0,0,2,0,0,0,0,0,0,0,0,0,0,0,0,1,0,0,0,0,1,0,0,0,0,0,0,0,0,0,0,0
