date,bibigo,binggrae,bristol farms,buldak,chamisul,chapagetti,chilsung,dongwon tuna,emart,havmor,hetbahn,jin ramen,jinro,jongga,kyochon,lotte choco pie,lotte mart,melona,milkis,nasoya,neoguri,nongshim,ottogi,paik's coffee,pepero,pulmuone,red baron,samyang,shin ramen,soon hari,starkist,terra beer,toomba,turtle chips
2025-08-31,1,0,0,8,0,1,0,0,1,0,0,0,0,0,0,0,0,1,0,0,1,7,1,0,2,0,3,4,2,0,0,0,2,0
2025-09-01,1,0,0,5,0,0,0,1,1,0,0,0,0,0,0,0,0,0,0,0,0,0,0,0,0,0,7,4,1,0,0,0,0,0
2025-09-02,3,0,0,4,0,1,0,0,0,0,0,1,0,1,0,0,0,0,0,0,0,5,0,0,0,0,4,12,1,0,0,0,0,1
2025-09-03,0,1,2,13,0,1,0,0,0,0,0,1,0,0,0,0,1,0,0,0,0,8,1,0,1,0,2,0,2,0,2,0,0,2
2025-09-04,0,0,0,10,0,1,0,0,2,0,0,0,1,0,0,0,0,0,0,0,0,6,2,0,1,0,2,6,5,0,3,0,0,0
2025-09-05,3,0,0,6,0,0,2,0,0,0,0,0,0,0,0,0,0,0,0,2,0,6,3,0,1,1,2,4,1,0,0,0,0,0
2025-09-06,0,0,0,7,0,2,1,0,0,0,0,0,0,0,0,1,0,0,0,0,0,7,0,0,1,0,3,7,1,0,1,0,1,0
2025-09-07,0,0,0,4,0,0,0,0,1,0,0,1,0,0,0,0,0,0,0,0,0,5,1,0,1,0,2,2,3,0,0,0,1,0
2025-09-08,1,0,0,7,0,0,3,1,1,0,0,0,0,0,0,0,1,0,0,0,1,4,1,0,0,0,2,6,4,0,0,0,0,0
2025-09-09,1,0,1,5,0,0,0,0,0,0,0,1,0,0,1,0,0,1,0,0,0,3,0,1,1,0,2,6,2,0,1,0,0,1
2025-09-10,0,0,0,7,0,1,0,0,1,0,0,0,0,0,0,0,0,0,0,0,0,2,1,0,1,0,3,4,3,0,0,0,1,0
2025-09-11,0,1,0,8,0,1,0,0,0,0,0,1,1,0,0,0,1,0,0,0,1,3,2,0,3,0,2,6,3,0,1,0,1,0
2025-09-12,0,0,0,8,0,1,0,0,1,0,0,0,0,0,0,0,0,0,0,0,0,4,2,0,1,0,0,3,2,0,0,0,0,0
2025-09-13,1,0,0,7,0,0,0,0,0,0,0,2,0,0,0,0,0,0,0,0,0,2,2,0,0,0,3,2,2,0,1,0,0,0
2025-09-14,0,0,0,3,0,0,0,0,1,0,0,1,0,1,0,0,0,1,0,0,1,0,0,0,3,0,7,3,2,0,1,0,0,0
2025-09-15,0,1,0,6,0,0,0,0,1,0,0,1,0,1,0,0,0,1,0,0,2,2,2,0,0,0,3,7,1,0,1,0,0,1
2025-09-16,1,0,0,6,0,0,0,1,1,1,0,0,0,0,0,0,0,0,0,0,0,4,1,0,0,0,1,14,2,0,1,0,2,0
2025-09-17,1,0,0,8,0,0,0,0,0,0,0,1,0,1,0,0,0,0,0,0,0,4,1,0,1,0,0,12,5,0,1,0,0,0
2025-09-18,0,0,0,11,0,0,2,0,0,0,0,0,0,0,0,0,0,0,0,0,1,0,1,0,0,0,1,2,1,0,0,0,0,0
2025-09-19,1,0,0,4,1,0,2,0,0,0,0,0,1,0,0,0,0,0,0,0,1,5,0,0,2,0,2,6,5,0,1,0,1,0
2025-09-20,1,0,0,4,0,0,0,0,1,1,0,1,1,0,0,0,0,0,0,0,1,1,1,0,1,0,6,3,1,0,0,0,0,2
2025-09-21,1,0,0,9,0,0,1,0,1,0,0,0,0,0,0,0,0,0,0,0,3,1,0,0,0,0,6,6,2,0,1,0,0,0
2025-09-22,1,0,0,6,0,1,0,0,0,0,0,0,0,0,0,0,0,0,0,0,0,1,1,0,0,0,0,5,3,0,1,0,1,0
2025-09-23,0,0,0,2,0,0,2,0,0,0,0,0,0,0,0,0,2,0,0,0,1,0,0,0,1,0,4,5,0,0,0,0,0,0
2025-09-24,0,0,0,3,0,0,0,0,1,0,1,0,0,0,0,0,1,0,0,0,0,0,0,0,0,0,4,5,3,0,2,0,0,1
2025-09-25,0,0,0,7,0,0,1,0,0,0,0,0,2,0,0,0,0,1,1,0,0,2,0,0,1,3,1,3,0,0,0,0,0,0
2025-09-26,0,0,0,5,0,0,0,0,0,1,0,0,1,1,1,0,1,2,0,0,0,2,1,0,0,0,3,9,5,1,0,0,1,0
2025-09-27,0,0,0,5,1,0,0,0,0,0,0,0,1,0,0,0,0,0,0,1,1,0,0,0,1,0,5,9,4,0,0,1,0,0
2025-09-28,2,0,0,7,0,0,0,0,0,0,0,0,0,0,0,0,0,0,0,0,0,1,0,0,0,0,1,6,1,0,0,0,0,0
2025-09-29,2,0,1,7,0,0,0,0,1,0,0,0,0,0,0,0,1,0,0,0,1,1,1,0,2,0,2,6,2,1,0,0,4,0
2025-09-30,0,0,1,5,0,1,0,0,0,0,0,0,0,0,0,0,0,0,0,0,0,3,1,0,0,0,8,6,3,0,0,0,1,0
2025-10-01,0,0,0,0,0,0,0,0,0,0,0,0,0,0,0,0,0,0,0,0,0,0,0,0,0,0,1,1,1,0,0,0,0,0
